-0.000249999983,4.799999710000,,
-0.000249799981,4.799999710000,,
-0.000249599980,4.799999710000,,
-0.000249399978,4.799999710000,,
-0.000249199977,4.799999710000,,
-0.000248999975,4.799999710000,,
-0.000248799974,4.799999710000,,
-0.000248599972,4.799999710000,,
-0.000248399971,4.799999710000,,
-0.000248199969,4.799999710000,,
-0.000247999997,4.839999680000,,
-0.000247799995,4.920000080000,,
-0.000247599994,4.960000040000,,
-0.000247399992,5.000000000000,,
-0.000247199991,5.079999920000,,
-0.000246999989,5.119999890000,,
-0.000246799988,5.159999850000,,
-0.000246599986,5.199999810000,,
-0.000246399984,5.239999770000,,
-0.000246199983,5.319999690000,,
-0.000245999981,5.359999660000,,
-0.000245799980,5.400000100000,,
-0.000245599978,5.440000060000,,
-0.000245399977,5.480000020000,,
-0.000245199975,5.519999980000,,
-0.000244999974,5.559999940000,,
-0.000244799972,5.599999900000,,
-0.000244599971,5.639999870000,,
-0.000244399969,5.679999830000,,
-0.000244199997,5.719999790000,,
-0.000243999981,5.759999750000,,
-0.000243799979,5.799999710000,,
-0.000243599978,5.839999680000,,
-0.000243399976,5.879999640000,,
-0.000243199989,5.920000080000,,
-0.000242999988,5.960000040000,,
-0.000242799986,6.000000000000,,
-0.000242599985,6.039999960000,,
-0.000242399983,6.039999960000,,
-0.000242199982,6.079999920000,,
-0.000241999980,6.119999890000,,
-0.000241799979,6.119999890000,,
-0.000241599977,6.159999850000,,
-0.000241399975,6.199999810000,,
-0.000241199989,6.199999810000,,
-0.000240999987,6.239999770000,,
-0.000240799985,6.239999770000,,
-0.000240599984,6.279999730000,,
-0.000240399982,6.279999730000,,
-0.000240199981,6.319999690000,,
-0.000239999979,6.319999690000,,
-0.000239799978,6.359999660000,,
-0.000239599976,6.359999660000,,
-0.000239399989,6.359999660000,,
-0.000239199988,6.359999660000,,
-0.000238999986,6.399999620000,,
-0.000238799985,6.399999620000,,
-0.000238599983,6.399999620000,,
-0.000238399982,6.399999620000,,
-0.000238199980,6.399999620000,,
-0.000237999979,6.440000060000,,
-0.000237799977,6.440000060000,,
-0.000237599976,6.440000060000,,
-0.000237399989,6.440000060000,,
-0.000237199987,6.440000060000,,
-0.000236999986,6.440000060000,,
-0.000236799984,6.440000060000,,
-0.000236599983,6.440000060000,,
-0.000236399981,6.399999620000,,
-0.000236199980,6.399999620000,,
-0.000235999978,6.399999620000,,
-0.000235799977,6.399999620000,,
-0.000235599990,6.399999620000,,
-0.000235399988,6.359999660000,,
-0.000235199986,6.359999660000,,
-0.000234999985,6.359999660000,,
-0.000234799983,6.359999660000,,
-0.000234599982,6.319999690000,,
-0.000234399980,6.319999690000,,
-0.000234199979,6.279999730000,,
-0.000233999977,6.279999730000,,
-0.000233799976,6.279999730000,,
-0.000233599989,6.239999770000,,
-0.000233399987,6.239999770000,,
-0.000233199986,6.199999810000,,
-0.000232999984,6.199999810000,,
-0.000232799983,6.159999850000,,
-0.000232599981,6.119999890000,,
-0.000232399980,6.119999890000,,
-0.000232199978,6.079999920000,,
-0.000231999977,6.079999920000,,
-0.000231799990,6.039999960000,,
-0.000231599988,6.000000000000,,
-0.000231399987,6.000000000000,,
-0.000231199985,5.960000040000,,
-0.000230999984,5.920000080000,,
-0.000230799982,5.920000080000,,
-0.000230599981,5.879999640000,,
-0.000230399979,5.839999680000,,
-0.000230199978,5.799999710000,,
-0.000229999976,5.799999710000,,
-0.000229799989,5.759999750000,,
-0.000229599988,5.719999790000,,
-0.000229399986,5.679999830000,,
-0.000229199984,5.639999870000,,
-0.000228999983,5.599999900000,,
-0.000228799981,5.599999900000,,
-0.000228599980,5.559999940000,,
-0.000228399978,5.519999980000,,
-0.000228199977,5.480000020000,,
-0.000227999975,5.440000060000,,
-0.000227799988,5.440000060000,,
-0.000227599987,5.400000100000,,
-0.000227399985,5.359999660000,,
-0.000227199984,5.319999690000,,
-0.000226999982,5.279999730000,,
-0.000226799981,5.279999730000,,
-0.000226599979,5.239999770000,,
-0.000226399978,5.199999810000,,
-0.000226199976,5.159999850000,,
-0.000225999989,5.119999890000,,
-0.000225799988,5.079999920000,,
-0.000225599986,5.079999920000,,
-0.000225399985,5.039999960000,,
-0.000225199983,5.000000000000,,
-0.000224999982,4.960000040000,,
-0.000224799980,4.960000040000,,
-0.000224599979,4.920000080000,,
-0.000224399977,4.880000110000,,
-0.000224199975,4.839999680000,,
-0.000223999989,4.839999680000,,
-0.000223799987,4.799999710000,,
-0.000223599985,4.759999750000,,
-0.000223399984,4.719999790000,,
-0.000223199982,4.719999790000,,
-0.000222999981,4.679999830000,,
-0.000222799979,4.639999870000,,
-0.000222599978,4.599999900000,,
-0.000222399976,4.599999900000,,
-0.000222199989,4.559999940000,,
-0.000221999988,4.559999940000,,
-0.000221799986,4.519999980000,,
-0.000221599985,4.480000020000,,
-0.000221399983,4.480000020000,,
-0.000221199982,4.440000060000,,
-0.000220999980,4.440000060000,,
-0.000220799979,4.400000100000,,
-0.000220599977,4.400000100000,,
-0.000220399976,4.360000130000,,
-0.000220199989,4.319999690000,,
-0.000219999987,4.319999690000,,
-0.000219799986,4.319999690000,,
-0.000219599984,4.279999730000,,
-0.000219399983,4.279999730000,,
-0.000219199981,4.239999770000,,
-0.000218999980,4.239999770000,,
-0.000218799978,4.199999810000,,
-0.000218599977,4.199999810000,,
-0.000218399990,4.199999810000,,
-0.000218199988,4.159999850000,,
-0.000217999986,4.159999850000,,
-0.000217799985,4.159999850000,,
-0.000217599983,4.119999890000,,
-0.000217399982,4.119999890000,,
-0.000217199980,4.119999890000,,
-0.000216999979,4.119999890000,,
-0.000216799977,4.079999920000,,
-0.000216599976,4.079999920000,,
-0.000216399989,4.079999920000,,
-0.000216199987,4.079999920000,,
-0.000215999986,4.079999920000,,
-0.000215799984,4.079999920000,,
-0.000215599983,4.079999920000,,
-0.000215399981,4.039999960000,,
-0.000215199980,4.039999960000,,
-0.000214999978,4.039999960000,,
-0.000214799977,4.039999960000,,
-0.000214599975,4.039999960000,,
-0.000214399988,4.039999960000,,
-0.000214199987,4.039999960000,,
-0.000213999985,4.039999960000,,
-0.000213799984,4.039999960000,,
-0.000213599982,4.039999960000,,
-0.000213399981,4.039999960000,,
-0.000213199979,4.079999920000,,
-0.000212999978,4.079999920000,,
-0.000212799976,4.079999920000,,
-0.000212599989,4.079999920000,,
-0.000212399988,4.079999920000,,
-0.000212199986,4.079999920000,,
-0.000211999984,4.119999890000,,
-0.000211799983,4.119999890000,,
-0.000211599981,4.119999890000,,
-0.000211399980,4.119999890000,,
-0.000211199978,4.119999890000,,
-0.000210999977,4.159999850000,,
-0.000210799975,4.159999850000,,
-0.000210599988,4.159999850000,,
-0.000210399987,4.199999810000,,
-0.000210199985,4.199999810000,,
-0.000209999984,4.199999810000,,
-0.000209799982,4.239999770000,,
-0.000209599981,4.239999770000,,
-0.000209399979,4.239999770000,,
-0.000209199978,4.279999730000,,
-0.000208999976,4.279999730000,,
-0.000208799989,4.319999690000,,
-0.000208599988,4.319999690000,,
-0.000208399986,4.319999690000,,
-0.000208199985,4.360000130000,,
-0.000207999983,4.360000130000,,
-0.000207799982,4.400000100000,,
-0.000207599980,4.400000100000,,
-0.000207399979,4.440000060000,,
-0.000207199977,4.440000060000,,
-0.000206999975,4.440000060000,,
-0.000206799989,4.480000020000,,
-0.000206599987,4.480000020000,,
-0.000206399985,4.519999980000,,
-0.000206199984,4.519999980000,,
-0.000205999982,4.559999940000,,
-0.000205799981,4.559999940000,,
-0.000205599979,4.599999900000,,
-0.000205399978,4.599999900000,,
-0.000205199976,4.639999870000,,
-0.000204999989,4.639999870000,,
-0.000204799988,4.679999830000,,
-0.000204599986,4.719999790000,,
-0.000204399985,4.719999790000,,
-0.000204199983,4.759999750000,,
-0.000203999982,4.759999750000,,
-0.000203799980,4.799999710000,,
-0.000203599979,4.799999710000,,
-0.000203399977,4.839999680000,,
-0.000203199976,4.839999680000,,
-0.000202999989,4.880000110000,,
-0.000202799987,4.880000110000,,
-0.000202599986,4.920000080000,,
-0.000202399984,4.920000080000,,
-0.000202199983,4.960000040000,,
-0.000201999981,4.960000040000,,
-0.000201799980,5.000000000000,,
-0.000201599978,5.000000000000,,
-0.000201399977,5.039999960000,,
-0.000201199975,5.039999960000,,
-0.000200999988,5.079999920000,,
-0.000200799986,5.079999920000,,
-0.000200599985,5.119999890000,,
-0.000200399983,5.119999890000,,
-0.000200199982,5.159999850000,,
-0.000199999980,5.159999850000,,
-0.000199799979,5.159999850000,,
-0.000199599977,5.199999810000,,
-0.000199399976,5.199999810000,,
-0.000199199989,5.239999770000,,
-0.000198999987,5.239999770000,,
-0.000198799986,5.279999730000,,
-0.000198599984,5.279999730000,,
-0.000198399983,5.279999730000,,
-0.000198199981,5.319999690000,,
-0.000197999980,5.319999690000,,
-0.000197799978,5.319999690000,,
-0.000197599977,5.359999660000,,
-0.000197399975,5.359999660000,,
-0.000197199988,5.359999660000,,
-0.000196999987,5.400000100000,,
-0.000196799985,5.400000100000,,
-0.000196599984,5.400000100000,,
-0.000196399982,5.440000060000,,
-0.000196199981,5.440000060000,,
-0.000195999979,5.440000060000,,
-0.000195799978,5.440000060000,,
-0.000195599976,5.480000020000,,
-0.000195399989,5.480000020000,,
-0.000195199988,5.480000020000,,
-0.000194999986,5.480000020000,,
-0.000194799984,5.480000020000,,
-0.000194599983,5.519999980000,,
-0.000194399981,5.519999980000,,
-0.000194199980,5.519999980000,,
-0.000193999978,5.519999980000,,
-0.000193799977,5.519999980000,,
-0.000193599975,5.519999980000,,
-0.000193399988,5.519999980000,,
-0.000193199987,5.519999980000,,
-0.000192999985,5.559999940000,,
-0.000192799984,5.559999940000,,
-0.000192599982,5.559999940000,,
-0.000192399981,5.559999940000,,
-0.000192199979,5.559999940000,,
-0.000191999978,5.559999940000,,
-0.000191799976,5.559999940000,,
-0.000191599989,5.559999940000,,
-0.000191399988,5.559999940000,,
-0.000191199986,5.559999940000,,
-0.000190999985,5.559999940000,,
-0.000190799983,5.559999940000,,
-0.000190599982,5.559999940000,,
-0.000190399980,5.519999980000,,
-0.000190199979,5.519999980000,,
-0.000189999977,5.519999980000,,
-0.000189799975,5.519999980000,,
-0.000189599989,5.519999980000,,
-0.000189399987,5.519999980000,,
-0.000189199985,5.519999980000,,
-0.000188999984,5.519999980000,,
-0.000188799982,5.480000020000,,
-0.000188599981,5.480000020000,,
-0.000188399979,5.480000020000,,
-0.000188199978,5.480000020000,,
-0.000187999976,5.480000020000,,
-0.000187799975,5.480000020000,,
-0.000187599988,5.440000060000,,
-0.000187399986,5.440000060000,,
-0.000187199985,5.440000060000,,
-0.000186999983,5.440000060000,,
-0.000186799982,5.400000100000,,
-0.000186599980,5.400000100000,,
-0.000186399979,5.400000100000,,
-0.000186199977,5.400000100000,,
-0.000185999976,5.359999660000,,
-0.000185799989,5.359999660000,,
-0.000185599987,5.359999660000,,
-0.000185399986,5.359999660000,,
-0.000185199984,5.319999690000,,
-0.000184999983,5.319999690000,,
-0.000184799981,5.319999690000,,
-0.000184599980,5.279999730000,,
-0.000184399978,5.279999730000,,
-0.000184199977,5.279999730000,,
-0.000183999975,5.239999770000,,
-0.000183799988,5.239999770000,,
-0.000183599986,5.239999770000,,
-0.000183399985,5.239999770000,,
-0.000183199983,5.199999810000,,
-0.000182999982,5.199999810000,,
-0.000182799980,5.199999810000,,
-0.000182599979,5.159999850000,,
-0.000182399977,5.159999850000,,
-0.000182199976,5.159999850000,,
-0.000181999989,5.119999890000,,
-0.000181799987,5.119999890000,,
-0.000181599986,5.119999890000,,
-0.000181399984,5.079999920000,,
-0.000181199983,5.079999920000,,
-0.000180999981,5.039999960000,,
-0.000180799980,5.039999960000,,
-0.000180599978,5.039999960000,,
-0.000180399977,5.039999960000,,
-0.000180199975,5.000000000000,,
-0.000179999988,5.000000000000,,
-0.000179799987,5.000000000000,,
-0.000179599985,4.960000040000,,
-0.000179399984,4.960000040000,,
-0.000179199982,4.960000040000,,
-0.000178999981,4.920000080000,,
-0.000178799979,4.920000080000,,
-0.000178599978,4.920000080000,,
-0.000178399976,4.880000110000,,
-0.000178199989,4.880000110000,,
-0.000177999988,4.880000110000,,
-0.000177799986,4.839999680000,,
-0.000177599984,4.839999680000,,
-0.000177399983,4.839999680000,,
-0.000177199981,4.839999680000,,
-0.000176999980,4.799999710000,,
-0.000176799978,4.799999710000,,
-0.000176599977,4.799999710000,,
-0.000176399975,4.759999750000,,
-0.000176199988,4.759999750000,,
-0.000175999987,4.759999750000,,
-0.000175799985,4.759999750000,,
-0.000175599984,4.759999750000,,
-0.000175399982,4.719999790000,,
-0.000175199981,4.719999790000,,
-0.000174999979,4.719999790000,,
-0.000174799978,4.719999790000,,
-0.000174599976,4.679999830000,,
-0.000174399975,4.679999830000,,
-0.000174199988,4.679999830000,,
-0.000173999986,4.679999830000,,
-0.000173799985,4.679999830000,,
-0.000173599983,4.639999870000,,
-0.000173399982,4.639999870000,,
-0.000173199980,4.639999870000,,
-0.000172999979,4.639999870000,,
-0.000172799977,4.639999870000,,
-0.000172599975,4.639999870000,,
-0.000172399989,4.639999870000,,
-0.000172199987,4.599999900000,,
-0.000171999985,4.599999900000,,
-0.000171799984,4.599999900000,,
-0.000171599982,4.599999900000,,
-0.000171399981,4.599999900000,,
-0.000171199979,4.599999900000,,
-0.000170999978,4.599999900000,,
-0.000170799976,4.599999900000,,
-0.000170599975,4.599999900000,,
-0.000170399988,4.599999900000,,
-0.000170199986,4.599999900000,,
-0.000169999985,4.599999900000,,
-0.000169799983,4.599999900000,,
-0.000169599982,4.599999900000,,
-0.000169399980,4.599999900000,,
-0.000169199979,4.599999900000,,
-0.000168999977,4.599999900000,,
-0.000168799976,4.599999900000,,
-0.000168599989,4.599999900000,,
-0.000168399987,4.599999900000,,
-0.000168199986,4.599999900000,,
-0.000167999984,4.599999900000,,
-0.000167799983,4.599999900000,,
-0.000167599981,4.599999900000,,
-0.000167399980,4.599999900000,,
-0.000167199978,4.599999900000,,
-0.000166999977,4.599999900000,,
-0.000166799975,4.599999900000,,
-0.000166599988,4.599999900000,,
-0.000166399986,4.599999900000,,
-0.000166199985,4.599999900000,,
-0.000165999983,4.639999870000,,
-0.000165799982,4.639999870000,,
-0.000165599980,4.639999870000,,
-0.000165399979,4.639999870000,,
-0.000165199977,4.639999870000,,
-0.000164999976,4.639999870000,,
-0.000164799989,4.639999870000,,
-0.000164599987,4.639999870000,,
-0.000164399986,4.679999830000,,
-0.000164199984,4.679999830000,,
-0.000163999983,4.679999830000,,
-0.000163799981,4.679999830000,,
-0.000163599980,4.679999830000,,
-0.000163399978,4.679999830000,,
-0.000163199977,4.719999790000,,
-0.000162999975,4.719999790000,,
-0.000162799988,4.719999790000,,
-0.000162599987,4.719999790000,,
-0.000162399985,4.719999790000,,
-0.000162199984,4.719999790000,,
-0.000161999982,4.759999750000,,
-0.000161799981,4.759999750000,,
-0.000161599979,4.759999750000,,
-0.000161399978,4.759999750000,,
-0.000161199976,4.759999750000,,
-0.000160999974,4.799999710000,,
-0.000160799988,4.799999710000,,
-0.000160599986,4.799999710000,,
-0.000160399984,4.799999710000,,
-0.000160199983,4.799999710000,,
-0.000159999981,4.839999680000,,
-0.000159799980,4.839999680000,,
-0.000159599978,4.839999680000,,
-0.000159399977,4.839999680000,,
-0.000159199975,4.880000110000,,
-0.000158999988,4.880000110000,,
-0.000158799987,4.880000110000,,
-0.000158599985,4.880000110000,,
-0.000158399984,4.880000110000,,
-0.000158199982,4.920000080000,,
-0.000157999981,4.920000080000,,
-0.000157799979,4.920000080000,,
-0.000157599978,4.920000080000,,
-0.000157399976,4.920000080000,,
-0.000157199975,4.960000040000,,
-0.000156999988,4.960000040000,,
-0.000156799986,4.960000040000,,
-0.000156599985,4.960000040000,,
-0.000156399983,5.000000000000,,
-0.000156199982,5.000000000000,,
-0.000155999980,5.000000000000,,
-0.000155799979,5.000000000000,,
-0.000155599977,5.000000000000,,
-0.000155399975,5.039999960000,,
-0.000155199989,5.039999960000,,
-0.000154999987,5.039999960000,,
-0.000154799985,5.039999960000,,
-0.000154599984,5.039999960000,,
-0.000154399982,5.039999960000,,
-0.000154199981,5.079999920000,,
-0.000153999979,5.079999920000,,
-0.000153799978,5.079999920000,,
-0.000153599976,5.079999920000,,
-0.000153399975,5.079999920000,,
-0.000153199988,5.079999920000,,
-0.000152999986,5.119999890000,,
-0.000152799985,5.119999890000,,
-0.000152599983,5.119999890000,,
-0.000152399982,5.119999890000,,
-0.000152199980,5.119999890000,,
-0.000151999979,5.119999890000,,
-0.000151799977,5.119999890000,,
-0.000151599976,5.159999850000,,
-0.000151399989,5.159999850000,,
-0.000151199987,5.159999850000,,
-0.000150999986,5.159999850000,,
-0.000150799984,5.159999850000,,
-0.000150599983,5.159999850000,,
-0.000150399981,5.159999850000,,
-0.000150199980,5.159999850000,,
-0.000149999978,5.159999850000,,
-0.000149799977,5.159999850000,,
-0.000149599975,5.199999810000,,
-0.000149399988,5.199999810000,,
-0.000149199986,5.199999810000,,
-0.000148999985,5.199999810000,,
-0.000148799983,5.199999810000,,
-0.000148599982,5.199999810000,,
-0.000148399980,5.199999810000,,
-0.000148199979,5.199999810000,,
-0.000147999977,5.199999810000,,
-0.000147799976,5.199999810000,,
-0.000147599989,5.199999810000,,
-0.000147399987,5.199999810000,,
-0.000147199986,5.199999810000,,
-0.000146999984,5.199999810000,,
-0.000146799983,5.199999810000,,
-0.000146599981,5.199999810000,,
-0.000146399980,5.199999810000,,
-0.000146199978,5.199999810000,,
-0.000145999977,5.199999810000,,
-0.000145799975,5.199999810000,,
-0.000145599988,5.199999810000,,
-0.000145399987,5.199999810000,,
-0.000145199985,5.199999810000,,
-0.000144999984,5.199999810000,,
-0.000144799982,5.199999810000,,
-0.000144599981,5.199999810000,,
-0.000144399979,5.199999810000,,
-0.000144199978,5.199999810000,,
-0.000143999976,5.199999810000,,
-0.000143799975,5.199999810000,,
-0.000143599988,5.159999850000,,
-0.000143399986,5.159999850000,,
-0.000143199984,5.159999850000,,
-0.000142999983,5.159999850000,,
-0.000142799981,5.159999850000,,
-0.000142599980,5.159999850000,,
-0.000142399978,5.159999850000,,
-0.000142199977,5.159999850000,,
-0.000141999975,5.159999850000,,
-0.000141799988,5.159999850000,,
-0.000141599987,5.159999850000,,
-0.000141399985,5.159999850000,,
-0.000141199984,5.119999890000,,
-0.000140999982,5.119999890000,,
-0.000140799981,5.119999890000,,
-0.000140599979,5.119999890000,,
-0.000140399978,5.119999890000,,
-0.000140199976,5.119999890000,,
-0.000139999975,5.119999890000,,
-0.000139799988,5.119999890000,,
-0.000139599986,5.119999890000,,
-0.000139399985,5.079999920000,,
-0.000139199983,5.079999920000,,
-0.000138999982,5.079999920000,,
-0.000138799980,5.079999920000,,
-0.000138599979,5.079999920000,,
-0.000138399977,5.079999920000,,
-0.000138199976,5.079999920000,,
-0.000137999989,5.039999960000,,
-0.000137799987,5.039999960000,,
-0.000137599986,5.039999960000,,
-0.000137399984,5.039999960000,,
-0.000137199982,5.039999960000,,
-0.000136999981,5.039999960000,,
-0.000136799979,5.039999960000,,
-0.000136599978,5.039999960000,,
-0.000136399976,5.000000000000,,
-0.000136199975,5.000000000000,,
-0.000135999988,5.000000000000,,
-0.000135799986,5.000000000000,,
-0.000135599985,5.000000000000,,
-0.000135399983,5.000000000000,,
-0.000135199982,5.000000000000,,
-0.000134999980,4.960000040000,,
-0.000134799979,4.960000040000,,
-0.000134599977,4.960000040000,,
-0.000134399976,4.960000040000,,
-0.000134199989,4.960000040000,,
-0.000133999987,4.960000040000,,
-0.000133799986,4.960000040000,,
-0.000133599984,4.960000040000,,
-0.000133399983,4.920000080000,,
-0.000133199981,4.920000080000,,
-0.000132999980,4.920000080000,,
-0.000132799978,4.920000080000,,
-0.000132599977,4.920000080000,,
-0.000132399975,4.920000080000,,
-0.000132199988,4.920000080000,,
-0.000131999987,4.920000080000,,
-0.000131799985,4.880000110000,,
-0.000131599983,4.880000110000,,
-0.000131399982,4.880000110000,,
-0.000131199980,4.880000110000,,
-0.000130999979,4.880000110000,,
-0.000130799977,4.880000110000,,
-0.000130599976,4.880000110000,,
-0.000130399974,4.880000110000,,
-0.000130199987,4.880000110000,,
-0.000129999986,4.880000110000,,
-0.000129799984,4.839999680000,,
-0.000129599983,4.839999680000,,
-0.000129399981,4.839999680000,,
-0.000129199980,4.839999680000,,
-0.000128999978,4.839999680000,,
-0.000128799977,4.839999680000,,
-0.000128599975,4.839999680000,,
-0.000128399988,4.839999680000,,
-0.000128199987,4.839999680000,,
-0.000127999985,4.839999680000,,
-0.000127799984,4.839999680000,,
-0.000127599982,4.839999680000,,
-0.000127399981,4.839999680000,,
-0.000127199979,4.839999680000,,
-0.000126999978,4.799999710000,,
-0.000126799976,4.799999710000,,
-0.000126599975,4.799999710000,,
-0.000126399988,4.799999710000,,
-0.000126199986,4.799999710000,,
-0.000125999984,4.799999710000,,
-0.000125799983,4.799999710000,,
-0.000125599981,4.799999710000,,
-0.000125399980,4.799999710000,,
-0.000125199978,4.799999710000,,
-0.000124999977,4.799999710000,,
-0.000124799975,4.799999710000,,
-0.000124599988,4.799999710000,,
-0.000124399987,4.799999710000,,
-0.000124199985,4.799999710000,,
-0.000123999984,4.799999710000,,
-0.000123799982,4.799999710000,,
-0.000123599981,4.799999710000,,
-0.000123399979,4.799999710000,,
-0.000123199978,4.799999710000,,
-0.000122999976,4.799999710000,,
-0.000122799975,4.799999710000,,
-0.000122599988,4.799999710000,,
-0.000122399986,4.799999710000,,
-0.000122199985,4.799999710000,,
-0.000121999983,4.799999710000,,
-0.000121799982,4.799999710000,,
-0.000121599980,4.799999710000,,
-0.000121399979,4.799999710000,,
-0.000121199984,4.799999710000,,
-0.000120999983,4.839999680000,,
-0.000120799981,4.839999680000,,
-0.000120599980,4.839999680000,,
-0.000120399978,4.839999680000,,
-0.000120199984,4.839999680000,,
-0.000119999982,4.839999680000,,
-0.000119799981,4.839999680000,,
-0.000119599979,4.839999680000,,
-0.000119399978,4.839999680000,,
-0.000119199984,4.839999680000,,
-0.000118999982,4.839999680000,,
-0.000118799981,4.839999680000,,
-0.000118599979,4.839999680000,,
-0.000118399985,4.839999680000,,
-0.000118199983,4.839999680000,,
-0.000117999982,4.839999680000,,
-0.000117799980,4.880000110000,,
-0.000117599979,4.880000110000,,
-0.000117399984,4.880000110000,,
-0.000117199983,4.880000110000,,
-0.000116999981,4.880000110000,,
-0.000116799980,4.880000110000,,
-0.000116599978,4.880000110000,,
-0.000116399984,4.880000110000,,
-0.000116199983,4.880000110000,,
-0.000115999981,4.880000110000,,
-0.000115799980,4.880000110000,,
-0.000115599978,4.880000110000,,
-0.000115399984,4.920000080000,,
-0.000115199982,4.920000080000,,
-0.000114999981,4.920000080000,,
-0.000114799979,4.920000080000,,
-0.000114599978,4.920000080000,,
-0.000114399983,4.920000080000,,
-0.000114199982,4.920000080000,,
-0.000113999980,4.920000080000,,
-0.000113799979,4.920000080000,,
-0.000113599985,4.920000080000,,
-0.000113399983,4.920000080000,,
-0.000113199982,4.920000080000,,
-0.000112999980,4.960000040000,,
-0.000112799979,4.960000040000,,
-0.000112599984,4.960000040000,,
-0.000112399983,4.960000040000,,
-0.000112199981,4.960000040000,,
-0.000111999980,4.960000040000,,
-0.000111799978,4.960000040000,,
-0.000111599984,4.960000040000,,
-0.000111399982,4.960000040000,,
-0.000111199981,4.960000040000,,
-0.000110999979,4.960000040000,,
-0.000110799978,4.960000040000,,
-0.000110599984,5.000000000000,,
-0.000110399982,5.000000000000,,
-0.000110199981,5.000000000000,,
-0.000109999979,5.000000000000,,
-0.000109799978,5.000000000000,,
-0.000109599983,5.000000000000,,
-0.000109399982,5.000000000000,,
-0.000109199980,5.000000000000,,
-0.000108999979,5.000000000000,,
-0.000108799984,5.000000000000,,
-0.000108599983,5.000000000000,,
-0.000108399981,5.000000000000,,
-0.000108199980,5.000000000000,,
-0.000107999978,5.039999960000,,
-0.000107799984,5.039999960000,,
-0.000107599983,5.039999960000,,
-0.000107399981,5.039999960000,,
-0.000107199980,5.039999960000,,
-0.000106999978,5.039999960000,,
-0.000106799984,5.039999960000,,
-0.000106599982,5.039999960000,,
-0.000106399981,5.039999960000,,
-0.000106199979,5.039999960000,,
-0.000105999978,5.039999960000,,
-0.000105799983,5.039999960000,,
-0.000105599982,5.039999960000,,
-0.000105399980,5.039999960000,,
-0.000105199979,5.039999960000,,
-0.000104999985,5.039999960000,,
-0.000104799983,5.039999960000,,
-0.000104599982,5.039999960000,,
-0.000104399980,5.039999960000,,
-0.000104199979,5.039999960000,,
-0.000103999984,5.039999960000,,
-0.000103799983,5.039999960000,,
-0.000103599981,5.039999960000,,
-0.000103399980,5.039999960000,,
-0.000103199978,5.039999960000,,
-0.000102999984,5.039999960000,,
-0.000102799982,5.039999960000,,
-0.000102599981,5.039999960000,,
-0.000102399979,5.039999960000,,
-0.000102199978,5.039999960000,,
-0.000101999984,5.079999920000,,
-0.000101799982,5.079999920000,,
-0.000101599981,5.039999960000,,
-0.000101399979,5.039999960000,,
-0.000101199978,5.079999920000,,
-0.000100999983,5.039999960000,,
-0.000100799982,5.039999960000,,
-0.000100599980,5.039999960000,,
-0.000100399979,5.039999960000,,
-0.000100199984,5.039999960000,,
-0.000099999983,5.039999960000,,
-0.000099799981,5.039999960000,,
-0.000099599980,5.039999960000,,
-0.000099399978,5.039999960000,,
-0.000099199984,5.039999960000,,
-0.000098999983,5.039999960000,,
-0.000098799981,5.039999960000,,
-0.000098599980,5.039999960000,,
-0.000098399978,5.039999960000,,
-0.000098199984,5.039999960000,,
-0.000097999982,5.039999960000,,
-0.000097799981,5.039999960000,,
-0.000097599979,5.039999960000,,
-0.000097399978,5.039999960000,,
-0.000097199983,5.039999960000,,
-0.000096999982,5.039999960000,,
-0.000096799980,5.039999960000,,
-0.000096599979,5.039999960000,,
-0.000096399977,5.039999960000,,
-0.000096199983,5.039999960000,,
-0.000095999982,5.039999960000,,
-0.000095799980,5.039999960000,,
-0.000095599979,5.039999960000,,
-0.000095399984,5.039999960000,,
-0.000095199983,5.039999960000,,
-0.000094999981,5.039999960000,,
-0.000094799980,5.000000000000,,
-0.000094599978,5.000000000000,,
-0.000094399984,5.000000000000,,
-0.000094199982,5.000000000000,,
-0.000093999981,5.000000000000,,
-0.000093799979,5.000000000000,,
-0.000093599978,5.000000000000,,
-0.000093399984,5.000000000000,,
-0.000093199982,5.000000000000,,
-0.000092999981,5.000000000000,,
-0.000092799979,5.000000000000,,
-0.000092599978,5.000000000000,,
-0.000092399983,5.000000000000,,
-0.000092199982,5.000000000000,,
-0.000091999980,5.000000000000,,
-0.000091799979,5.000000000000,,
-0.000091599984,5.000000000000,,
-0.000091399983,5.000000000000,,
-0.000091199981,4.960000040000,,
-0.000090999980,4.960000040000,,
-0.000090799978,4.960000040000,,
-0.000090599984,4.960000040000,,
-0.000090399983,4.960000040000,,
-0.000090199981,4.960000040000,,
-0.000089999980,4.960000040000,,
-0.000089799978,4.960000040000,,
-0.000089599984,4.960000040000,,
-0.000089399982,4.960000040000,,
-0.000089199981,4.960000040000,,
-0.000088999979,4.960000040000,,
-0.000088799978,4.960000040000,,
-0.000088599983,4.960000040000,,
-0.000088399982,4.960000040000,,
-0.000088199980,4.960000040000,,
-0.000087999979,4.960000040000,,
-0.000087799977,4.960000040000,,
-0.000087599983,4.960000040000,,
-0.000087399982,4.960000040000,,
-0.000087199980,4.920000080000,,
-0.000086999979,4.920000080000,,
-0.000086799984,4.920000080000,,
-0.000086599983,4.920000080000,,
-0.000086399981,4.920000080000,,
-0.000086199980,4.920000080000,,
-0.000085999978,4.920000080000,,
-0.000085799984,4.920000080000,,
-0.000085599982,4.920000080000,,
-0.000085399981,4.920000080000,,
-0.000085199979,4.920000080000,,
-0.000084999978,4.920000080000,,
-0.000084799984,4.920000080000,,
-0.000084599982,4.920000080000,,
-0.000084399981,4.920000080000,,
-0.000084199979,4.920000080000,,
-0.000083999978,4.920000080000,,
-0.000083799983,4.920000080000,,
-0.000083599982,4.920000080000,,
-0.000083399980,4.920000080000,,
-0.000083199979,4.920000080000,,
-0.000082999984,4.920000080000,,
-0.000082799983,4.920000080000,,
-0.000082599981,4.920000080000,,
-0.000082399980,4.920000080000,,
-0.000082199978,4.920000080000,,
-0.000081999984,4.920000080000,,
-0.000081799983,4.920000080000,,
-0.000081599981,4.920000080000,,
-0.000081399980,4.920000080000,,
-0.000081199978,4.880000110000,,
-0.000080999984,4.920000080000,,
-0.000080799982,4.920000080000,,
-0.000080599981,4.920000080000,,
-0.000080399979,4.920000080000,,
-0.000080199978,4.880000110000,,
-0.000079999983,4.880000110000,,
-0.000079799982,4.880000110000,,
-0.000079599980,4.880000110000,,
-0.000079399979,4.880000110000,,
-0.000079199977,4.880000110000,,
-0.000078999983,4.880000110000,,
-0.000078799982,4.880000110000,,
-0.000078599980,4.880000110000,,
-0.000078399979,4.880000110000,,
-0.000078199984,4.880000110000,,
-0.000077999983,4.880000110000,,
-0.000077799981,4.880000110000,,
-0.000077599980,4.880000110000,,
-0.000077399978,4.920000080000,,
-0.000077199984,4.920000080000,,
-0.000076999982,4.920000080000,,
-0.000076799981,4.920000080000,,
-0.000076599979,4.920000080000,,
-0.000076399978,4.920000080000,,
-0.000076199984,4.920000080000,,
-0.000075999982,4.920000080000,,
-0.000075799981,4.920000080000,,
-0.000075599979,4.920000080000,,
-0.000075399978,4.920000080000,,
-0.000075199983,4.920000080000,,
-0.000074999982,4.920000080000,,
-0.000074799980,4.920000080000,,
-0.000074599979,4.920000080000,,
-0.000074399977,4.920000080000,,
-0.000074199983,4.920000080000,,
-0.000073999981,4.920000080000,,
-0.000073799980,4.920000080000,,
-0.000073599978,4.920000080000,,
-0.000073399984,4.920000080000,,
-0.000073199983,4.920000080000,,
-0.000072999981,4.920000080000,,
-0.000072799980,4.920000080000,,
-0.000072599978,4.920000080000,,
-0.000072399984,4.920000080000,,
-0.000072199982,4.920000080000,,
-0.000071999981,4.920000080000,,
-0.000071799979,4.920000080000,,
-0.000071599978,4.920000080000,,
-0.000071399983,4.920000080000,,
-0.000071199982,4.920000080000,,
-0.000070999980,4.920000080000,,
-0.000070799979,4.920000080000,,
-0.000070599977,4.920000080000,,
-0.000070399983,4.920000080000,,
-0.000070199982,4.920000080000,,
-0.000069999980,4.960000040000,,
-0.000069799979,4.960000040000,,
-0.000069599984,4.960000040000,,
-0.000069399983,4.960000040000,,
-0.000069199981,4.960000040000,,
-0.000068999980,4.960000040000,,
-0.000068799978,4.960000040000,,
-0.000068599984,4.960000040000,,
-0.000068399982,4.960000040000,,
-0.000068199981,4.960000040000,,
-0.000067999979,4.960000040000,,
-0.000067799978,4.960000040000,,
-0.000067599984,4.960000040000,,
-0.000067399982,4.960000040000,,
-0.000067199981,4.960000040000,,
-0.000066999979,4.960000040000,,
-0.000066799978,4.960000040000,,
-0.000066599983,4.960000040000,,
-0.000066399982,4.960000040000,,
-0.000066199980,4.960000040000,,
-0.000065999979,4.960000040000,,
-0.000065799977,4.960000040000,,
-0.000065599983,4.960000040000,,
-0.000065399981,4.960000040000,,
-0.000065199980,4.960000040000,,
-0.000064999978,4.960000040000,,
-0.000064799984,4.960000040000,,
-0.000064599983,4.960000040000,,
-0.000064399981,4.960000040000,,
-0.000064199980,5.000000000000,,
-0.000063999978,4.960000040000,,
-0.000063799984,5.000000000000,,
-0.000063599982,5.000000000000,,
-0.000063399981,5.000000000000,,
-0.000063199979,5.000000000000,,
-0.000062999978,5.000000000000,,
-0.000062799983,5.000000000000,,
-0.000062599982,5.000000000000,,
-0.000062399980,5.000000000000,,
-0.000062199979,5.000000000000,,
-0.000061999977,5.000000000000,,
-0.000061799983,5.000000000000,,
-0.000061599982,5.000000000000,,
-0.000061399980,5.000000000000,,
-0.000061199979,5.000000000000,,
-0.000060999981,5.000000000000,,
-0.000060799979,5.000000000000,,
-0.000060599981,5.000000000000,,
-0.000060399980,5.000000000000,,
-0.000060199982,5.000000000000,,
-0.000059999980,5.000000000000,,
-0.000059799979,5.000000000000,,
-0.000059599981,5.000000000000,,
-0.000059399979,5.000000000000,,
-0.000059199981,5.000000000000,,
-0.000058999980,5.000000000000,,
-0.000058799982,5.000000000000,,
-0.000058599981,5.000000000000,,
-0.000058399979,5.000000000000,,
-0.000058199981,5.000000000000,,
-0.000057999980,5.000000000000,,
-0.000057799982,5.000000000000,,
-0.000057599980,5.000000000000,,
-0.000057399982,5.000000000000,,
-0.000057199981,5.000000000000,,
-0.000056999979,5.000000000000,,
-0.000056799981,5.000000000000,,
-0.000056599980,5.000000000000,,
-0.000056399982,5.000000000000,,
-0.000056199980,5.000000000000,,
-0.000055999979,5.000000000000,,
-0.000055799981,5.000000000000,,
-0.000055599980,5.000000000000,,
-0.000055399982,5.000000000000,,
-0.000055199980,5.000000000000,,
-0.000054999982,5.000000000000,,
-0.000054799981,5.000000000000,,
-0.000054599979,5.000000000000,,
-0.000054399981,5.000000000000,,
-0.000054199980,5.000000000000,,
-0.000053999982,5.000000000000,,
-0.000053799980,5.000000000000,,
-0.000053599979,5.000000000000,,
-0.000053399981,5.000000000000,,
-0.000053199979,5.000000000000,,
-0.000052999982,5.000000000000,,
-0.000052799980,5.000000000000,,
-0.000052599982,5.000000000000,,
-0.000052399981,5.000000000000,,
-0.000052199979,5.000000000000,,
-0.000051999981,5.000000000000,,
-0.000051799980,5.000000000000,,
-0.000051599982,5.000000000000,,
-0.000051399980,5.000000000000,,
-0.000051199979,5.000000000000,,
-0.000050999981,5.000000000000,,
-0.000050799979,5.000000000000,,
-0.000050599981,5.000000000000,,
-0.000050399980,5.000000000000,,
-0.000050199982,5.000000000000,,
-0.000049999981,5.000000000000,,
-0.000049799979,5.000000000000,,
-0.000049599981,5.000000000000,,
-0.000049399980,5.000000000000,,
-0.000049199982,5.000000000000,,
-0.000048999980,5.000000000000,,
-0.000048799979,5.000000000000,,
-0.000048599981,4.960000040000,,
-0.000048399979,4.960000040000,,
-0.000048199981,4.960000040000,,
-0.000047999980,4.960000040000,,
-0.000047799982,4.960000040000,,
-0.000047599980,4.960000040000,,
-0.000047399979,4.960000040000,,
-0.000047199981,4.960000040000,,
-0.000046999980,4.960000040000,,
-0.000046799982,4.960000040000,,
-0.000046599980,4.960000040000,,
-0.000046399979,4.960000040000,,
-0.000046199981,4.960000040000,,
-0.000045999979,4.960000040000,,
-0.000045799981,4.960000040000,,
-0.000045599980,4.960000040000,,
-0.000045399982,4.960000040000,,
-0.000045199980,4.960000040000,,
-0.000044999979,4.960000040000,,
-0.000044799981,4.960000040000,,
-0.000044599979,4.960000040000,,
-0.000044399982,4.960000040000,,
-0.000044199980,4.960000040000,,
-0.000043999982,4.960000040000,,
-0.000043799981,4.960000040000,,
-0.000043599979,4.960000040000,,
-0.000043399981,4.960000040000,,
-0.000043199980,4.960000040000,,
-0.000042999982,4.960000040000,,
-0.000042799980,4.960000040000,,
-0.000042599979,4.960000040000,,
-0.000042399981,4.960000040000,,
-0.000042199979,4.960000040000,,
-0.000041999981,4.960000040000,,
-0.000041799980,4.960000040000,,
-0.000041599982,4.960000040000,,
-0.000041399981,4.960000040000,,
-0.000041199979,4.960000040000,,
-0.000040999981,4.960000040000,,
-0.000040799980,4.960000040000,,
-0.000040599982,4.960000040000,,
-0.000040399980,4.960000040000,,
-0.000040199979,4.960000040000,,
-0.000039999981,4.960000040000,,
-0.000039799979,4.960000040000,,
-0.000039599981,4.960000040000,,
-0.000039399980,4.960000040000,,
-0.000039199982,4.960000040000,,
-0.000038999980,4.960000040000,,
-0.000038799979,4.960000040000,,
-0.000038599981,4.960000040000,,
-0.000038399980,4.920000080000,,
-0.000038199982,4.920000080000,,
-0.000037999980,4.960000040000,,
-0.000037799979,4.920000080000,,
-0.000037599981,4.960000040000,,
-0.000037399979,4.920000080000,,
-0.000037199981,4.920000080000,,
-0.000036999980,4.920000080000,,
-0.000036799982,4.920000080000,,
-0.000036599980,4.920000080000,,
-0.000036399979,4.920000080000,,
-0.000036199981,4.920000080000,,
-0.000035999979,4.920000080000,,
-0.000035799982,4.920000080000,,
-0.000035599980,4.920000080000,,
-0.000035399979,4.920000080000,,
-0.000035199981,4.920000080000,,
-0.000034999979,4.920000080000,,
-0.000034799981,4.920000080000,,
-0.000034599980,4.920000080000,,
-0.000034399982,4.920000080000,,
-0.000034199980,4.920000080000,,
-0.000033999979,4.920000080000,,
-0.000033799981,4.920000080000,,
-0.000033599979,4.920000080000,,
-0.000033399981,4.920000080000,,
-0.000033199980,4.920000080000,,
-0.000032999978,4.920000080000,,
-0.000032799981,4.920000080000,,
-0.000032599979,4.920000080000,,
-0.000032399981,4.920000080000,,
-0.000032199980,4.920000080000,,
-0.000031999982,4.920000080000,,
-0.000031799980,4.920000080000,,
-0.000031599979,4.920000080000,,
-0.000031399981,4.920000080000,,
-0.000031199979,4.920000080000,,
-0.000030999981,4.960000040000,,
-0.000030799980,4.920000080000,,
-0.000030599982,4.920000080000,,
-0.000030399980,4.920000080000,,
-0.000030199981,4.960000040000,,
-0.000029999981,4.920000080000,,
-0.000029799980,4.920000080000,,
-0.000029599980,4.920000080000,,
-0.000029399980,4.960000040000,,
-0.000029199980,4.960000040000,,
-0.000028999981,4.960000040000,,
-0.000028799981,4.960000040000,,
-0.000028599979,4.960000040000,,
-0.000028399980,4.960000040000,,
-0.000028199980,4.960000040000,,
-0.000027999980,4.960000040000,,
-0.000027799981,4.960000040000,,
-0.000027599981,4.960000040000,,
-0.000027399979,4.960000040000,,
-0.000027199980,4.960000040000,,
-0.000026999980,4.960000040000,,
-0.000026799980,4.960000040000,,
-0.000026599981,4.960000040000,,
-0.000026399981,4.960000040000,,
-0.000026199979,4.960000040000,,
-0.000025999980,4.960000040000,,
-0.000025799980,4.960000040000,,
-0.000025599980,4.960000040000,,
-0.000025399981,4.960000040000,,
-0.000025199981,4.960000040000,,
-0.000024999979,4.960000040000,,
-0.000024799980,4.960000040000,,
-0.000024599980,4.960000040000,,
-0.000024399980,4.960000040000,,
-0.000024199981,4.960000040000,,
-0.000023999981,4.960000040000,,
-0.000023799979,4.960000040000,,
-0.000023599980,4.960000040000,,
-0.000023399980,4.960000040000,,
-0.000023199980,4.960000040000,,
-0.000022999981,4.960000040000,,
-0.000022799981,4.960000040000,,
-0.000022599979,4.960000040000,,
-0.000022399980,4.960000040000,,
-0.000022199980,4.960000040000,,
-0.000021999980,4.960000040000,,
-0.000021799980,4.960000040000,,
-0.000021599981,4.960000040000,,
-0.000021399979,4.960000040000,,
-0.000021199980,4.960000040000,,
-0.000020999980,4.960000040000,,
-0.000020799980,4.960000040000,,
-0.000020599980,4.960000040000,,
-0.000020399981,4.960000040000,,
-0.000020199979,4.960000040000,,
-0.000019999980,4.960000040000,,
-0.000019799980,4.960000040000,,
-0.000019599980,4.960000040000,,
-0.000019399980,4.960000040000,,
-0.000019199981,4.960000040000,,
-0.000018999981,4.960000040000,,
-0.000018799979,4.960000040000,,
-0.000018599980,4.960000040000,,
-0.000018399980,4.960000040000,,
-0.000018199980,4.960000040000,,
-0.000017999981,4.960000040000,,
-0.000017799981,4.960000040000,,
-0.000017599979,4.960000040000,,
-0.000017399980,4.960000040000,,
-0.000017199980,4.960000040000,,
-0.000016999980,4.960000040000,,
-0.000016799981,4.960000040000,,
-0.000016599981,4.960000040000,,
-0.000016399979,4.960000040000,,
-0.000016199980,4.960000040000,,
-0.000015999980,4.960000040000,,
-0.000015799980,4.960000040000,,
-0.000015599981,4.960000040000,,
-0.000015399981,4.960000040000,,
-0.000015199980,4.960000040000,,
-0.000014999980,4.960000040000,,
-0.000014799980,4.960000040000,,
-0.000014599980,4.960000040000,,
-0.000014399980,4.960000040000,,
-0.000014199980,4.960000040000,,
-0.000013999980,4.960000040000,,
-0.000013799980,4.960000040000,,
-0.000013599980,4.960000040000,,
-0.000013399980,4.960000040000,,
-0.000013199981,4.960000040000,,
-0.000012999980,4.960000040000,,
-0.000012799980,4.960000040000,,
-0.000012599980,4.960000040000,,
-0.000012399980,4.960000040000,,
-0.000012199980,4.960000040000,,
-0.000011999980,4.960000040000,,
-0.000011799980,4.960000040000,,
-0.000011599980,4.960000040000,,
-0.000011399980,4.960000040000,,
-0.000011199980,4.960000040000,,
-0.000010999980,4.960000040000,,
-0.000010799980,4.960000040000,,
-0.000010599980,4.960000040000,,
-0.000010399980,4.960000040000,,
-0.000010199980,4.960000040000,,
-0.000009999980,4.960000040000,,
-0.000009799980,4.960000040000,,
-0.000009599980,4.960000040000,,
-0.000009399980,4.960000040000,,
-0.000009199980,4.960000040000,,
-0.000008999980,4.960000040000,,
-0.000008799980,4.960000040000,,
-0.000008599980,4.960000040000,,
-0.000008399980,4.960000040000,,
-0.000008199980,4.960000040000,,
-0.000007999980,4.960000040000,,
-0.000007799980,4.960000040000,,
-0.000007599980,4.960000040000,,
-0.000007399980,4.960000040000,,
-0.000007199980,4.960000040000,,
-0.000006999980,4.960000040000,,
-0.000006799980,4.960000040000,,
-0.000006599980,4.960000040000,,
-0.000006399980,4.960000040000,,
-0.000006199980,4.960000040000,,
-0.000005999980,4.960000040000,,
-0.000005799980,4.960000040000,,
-0.000005599980,4.960000040000,,
-0.000005399980,4.960000040000,,
-0.000005199980,4.960000040000,,
-0.000004999980,4.960000040000,,
-0.000004799980,4.960000040000,,
-0.000004599980,4.960000040000,,
-0.000004399980,4.960000040000,,
-0.000004199980,4.960000040000,,
-0.000003999980,4.960000040000,,
-0.000003799980,4.960000040000,,
-0.000003599980,4.960000040000,,
-0.000003399980,4.960000040000,,
-0.000003199980,4.960000040000,,
-0.000002999980,4.960000040000,,
-0.000002799980,4.960000040000,,
-0.000002599980,4.960000040000,,
-0.000002399980,4.960000040000,,
-0.000002199980,4.960000040000,,
-0.000001999980,4.960000040000,,
-0.000001799980,4.960000040000,,
-0.000001599980,4.960000040000,,
-0.000001399980,4.960000040000,,
-0.000001199980,4.960000040000,,
-0.000000999980,4.960000040000,,
-0.000000799980,4.960000040000,,
-0.000000599980,4.960000040000,,
-0.000000399980,4.960000040000,,
-0.000000199980,4.960000040000,,
0.000000000020,4.960000040000,,
0.000000200020,4.960000040000,,
0.000000400020,4.960000040000,,
0.000000600020,4.960000040000,,
0.000000800020,4.960000040000,,
0.000001000020,4.960000040000,,
0.000001200020,4.960000040000,,
0.000001400020,4.920000080000,,
0.000001600020,4.880000110000,,
0.000001800020,4.839999680000,,
0.000002000020,4.759999750000,,
0.000002200020,4.719999790000,,
0.000002400020,4.679999830000,,
0.000002600020,4.599999900000,,
0.000002800020,4.559999940000,,
0.000003000020,4.519999980000,,
0.000003200020,4.480000020000,,
0.000003400020,4.440000060000,,
0.000003600020,4.400000100000,,
0.000003800020,4.360000130000,,
0.000004000020,4.319999690000,,
0.000004200020,4.279999730000,,
0.000004400020,4.239999770000,,
0.000004600020,4.199999810000,,
0.000004800020,4.159999850000,,
0.000005000020,4.119999890000,,
0.000005200020,4.119999890000,,
0.000005400020,4.079999920000,,
0.000005600020,4.039999960000,,
0.000005800020,4.000000000000,,
0.000006000020,4.000000000000,,
0.000006200020,3.959999800000,,
0.000006400020,3.919999840000,,
0.000006600020,3.919999840000,,
0.000006800020,3.879999880000,,
0.000007000020,3.879999880000,,
0.000007200020,3.839999910000,,
0.000007400020,3.839999910000,,
0.000007600020,3.799999950000,,
0.000007800020,3.799999950000,,
0.000008000020,3.759999990000,,
0.000008200021,3.759999990000,,
0.000008400020,3.759999990000,,
0.000008600020,3.720000030000,,
0.000008800021,3.720000030000,,
0.000009000020,3.720000030000,,
0.000009200020,3.720000030000,,
0.000009400021,3.679999830000,,
0.000009600020,3.679999830000,,
0.000009800020,3.679999830000,,
0.000010000021,3.679999830000,,
0.000010200020,3.679999830000,,
0.000010400020,3.679999830000,,
0.000010600021,3.679999830000,,
0.000010800020,3.639999870000,,
0.000011000020,3.639999870000,,
0.000011200021,3.639999870000,,
0.000011400020,3.639999870000,,
0.000011600020,3.639999870000,,
0.000011800021,3.679999830000,,
0.000012000020,3.679999830000,,
0.000012200020,3.679999830000,,
0.000012400020,3.679999830000,,
0.000012600021,3.679999830000,,
0.000012800020,3.679999830000,,
0.000013000020,3.679999830000,,
0.000013200021,3.720000030000,,
0.000013400020,3.720000030000,,
0.000013600020,3.720000030000,,
0.000013800021,3.720000030000,,
0.000014000020,3.720000030000,,
0.000014200020,3.759999990000,,
0.000014400021,3.759999990000,,
0.000014600020,3.759999990000,,
0.000014800020,3.799999950000,,
0.000015000021,3.799999950000,,
0.000015200020,3.799999950000,,
0.000015400021,3.839999910000,,
0.000015600021,3.839999910000,,
0.000015800020,3.839999910000,,
0.000016000020,3.879999880000,,
0.000016200020,3.879999880000,,
0.000016400021,3.919999840000,,
0.000016600021,3.919999840000,,
0.000016800021,3.959999800000,,
0.000017000020,3.959999800000,,
0.000017200020,3.959999800000,,
0.000017400020,4.000000000000,,
0.000017600021,4.000000000000,,
0.000017800021,4.039999960000,,
0.000018000021,4.039999960000,,
0.000018200020,4.079999920000,,
0.000018400020,4.079999920000,,
0.000018600020,4.119999890000,,
0.000018800020,4.119999890000,,
0.000019000021,4.159999850000,,
0.000019200021,4.159999850000,,
0.000019400020,4.199999810000,,
0.000019600020,4.199999810000,,
0.000019800020,4.239999770000,,
0.000020000020,4.239999770000,,
0.000020200021,4.279999730000,,
0.000020400021,4.279999730000,,
0.000020600020,4.319999690000,,
0.000020800020,4.360000130000,,
0.000021000020,4.360000130000,,
0.000021200020,4.400000100000,,
0.000021400021,4.400000100000,,
0.000021600021,4.440000060000,,
0.000021800020,4.440000060000,,
0.000022000020,4.480000020000,,
0.000022200020,4.480000020000,,
0.000022400020,4.519999980000,,
0.000022600021,4.519999980000,,
0.000022800021,4.559999940000,,
0.000023000021,4.559999940000,,
0.000023200020,4.599999900000,,
0.000023400020,4.599999900000,,
0.000023600020,4.639999870000,,
0.000023800021,4.639999870000,,
0.000024000021,4.679999830000,,
0.000024200021,4.679999830000,,
0.000024400020,4.719999790000,,
0.000024600020,4.719999790000,,
0.000024800020,4.719999790000,,
0.000025000021,4.759999750000,,
0.000025200021,4.759999750000,,
0.000025400021,4.799999710000,,
0.000025600020,4.799999710000,,
0.000025800020,4.839999680000,,
0.000026000020,4.839999680000,,
0.000026200021,4.839999680000,,
0.000026400021,4.880000110000,,
0.000026600021,4.880000110000,,
0.000026800020,4.920000080000,,
0.000027000020,4.920000080000,,
0.000027200020,4.920000080000,,
0.000027400021,4.960000040000,,
0.000027600021,4.960000040000,,
0.000027800021,4.960000040000,,
0.000028000020,5.000000000000,,
0.000028200020,5.000000000000,,
0.000028400020,5.000000000000,,
0.000028600021,5.000000000000,,
0.000028800021,5.039999960000,,
0.000029000021,5.039999960000,,
0.000029200020,5.039999960000,,
0.000029400020,5.079999920000,,
0.000029600020,5.079999920000,,
0.000029800021,5.079999920000,,
0.000030000021,5.079999920000,,
0.000030200021,5.079999920000,,
0.000030400020,5.119999890000,,
0.000030600022,5.119999890000,,
0.000030800020,5.119999890000,,
0.000031000021,5.119999890000,,
0.000031200019,5.119999890000,,
0.000031400021,5.119999890000,,
0.000031600022,5.159999850000,,
0.000031800020,5.159999850000,,
0.000032000022,5.159999850000,,
0.000032200020,5.159999850000,,
0.000032400021,5.159999850000,,
0.000032600019,5.159999850000,,
0.000032800021,5.159999850000,,
0.000033000022,5.159999850000,,
0.000033200020,5.159999850000,,
0.000033400021,5.159999850000,,
0.000033600019,5.159999850000,,
0.000033800021,5.199999810000,,
0.000034000019,5.199999810000,,
0.000034200020,5.199999810000,,
0.000034400022,5.199999810000,,
0.000034600020,5.199999810000,,
0.000034800021,5.199999810000,,
0.000035000019,5.199999810000,,
0.000035200021,5.199999810000,,
0.000035400022,5.199999810000,,
0.000035600020,5.159999850000,,
0.000035800022,5.159999850000,,
0.000036000019,5.159999850000,,
0.000036200021,5.159999850000,,
0.000036400019,5.159999850000,,
0.000036600020,5.159999850000,,
0.000036800022,5.159999850000,,
0.000037000020,5.159999850000,,
0.000037200021,5.159999850000,,
0.000037400019,5.159999850000,,
0.000037600021,5.159999850000,,
0.000037800022,5.159999850000,,
0.000038000020,5.159999850000,,
0.000038200022,5.119999890000,,
0.000038400020,5.119999890000,,
0.000038600021,5.119999890000,,
0.000038800019,5.119999890000,,
0.000039000020,5.119999890000,,
0.000039200022,5.119999890000,,
0.000039400020,5.119999890000,,
0.000039600021,5.119999890000,,
0.000039800019,5.079999920000,,
0.000040000021,5.079999920000,,
0.000040200022,5.079999920000,,
0.000040400020,5.079999920000,,
0.000040600022,5.079999920000,,
0.000040800020,5.079999920000,,
0.000041000021,5.039999960000,,
0.000041200019,5.039999960000,,
0.000041400021,5.039999960000,,
0.000041600022,5.039999960000,,
0.000041800020,5.039999960000,,
0.000042000021,5.039999960000,,
0.000042200019,5.000000000000,,
0.000042400021,5.000000000000,,
0.000042600022,5.000000000000,,
0.000042800020,5.000000000000,,
0.000043000022,5.000000000000,,
0.000043200020,5.000000000000,,
0.000043400021,4.960000040000,,
0.000043600019,4.960000040000,,
0.000043800021,4.960000040000,,
0.000044000022,4.960000040000,,
0.000044200020,4.960000040000,,
0.000044400022,4.920000080000,,
0.000044600019,4.920000080000,,
0.000044800021,4.920000080000,,
0.000045000019,4.920000080000,,
0.000045200020,4.920000080000,,
0.000045400022,4.920000080000,,
0.000045600020,4.880000110000,,
0.000045800021,4.880000110000,,
0.000046000019,4.880000110000,,
0.000046200021,4.880000110000,,
0.000046400022,4.880000110000,,
0.000046600020,4.880000110000,,
0.000046800022,4.839999680000,,
0.000047000020,4.839999680000,,
0.000047200021,4.839999680000,,
0.000047400019,4.839999680000,,
0.000047600020,4.839999680000,,
0.000047800022,4.839999680000,,
0.000048000020,4.799999710000,,
0.000048200021,4.799999710000,,
0.000048400019,4.799999710000,,
0.000048600021,4.799999710000,,
0.000048800022,4.799999710000,,
0.000049000020,4.799999710000,,
0.000049200022,4.799999710000,,
0.000049400020,4.759999750000,,
0.000049600021,4.759999750000,,
0.000049800019,4.759999750000,,
0.000050000021,4.759999750000,,
0.000050200022,4.759999750000,,
0.000050400020,4.759999750000,,
0.000050600022,4.759999750000,,
0.000050800019,4.759999750000,,
0.000051000021,4.719999790000,,
0.000051200022,4.719999790000,,
0.000051400020,4.719999790000,,
0.000051600022,4.719999790000,,
0.000051800020,4.719999790000,,
0.000052000021,4.719999790000,,
0.000052200019,4.719999790000,,
0.000052400021,4.719999790000,,
0.000052600022,4.719999790000,,
0.000052800020,4.719999790000,,
0.000053000022,4.719999790000,,
0.000053200019,4.679999830000,,
0.000053400021,4.679999830000,,
0.000053600023,4.679999830000,,
0.000053800020,4.679999830000,,
0.000054000022,4.679999830000,,
0.000054200020,4.679999830000,,
0.000054400021,4.679999830000,,
0.000054600019,4.679999830000,,
0.000054800021,4.679999830000,,
0.000055000022,4.679999830000,,
0.000055200020,4.679999830000,,
0.000055400022,4.679999830000,,
0.000055600020,4.679999830000,,
0.000055800021,4.679999830000,,
0.000056000023,4.679999830000,,
0.000056200020,4.679999830000,,
0.000056400022,4.679999830000,,
0.000056600020,4.679999830000,,
0.000056800021,4.679999830000,,
0.000057000019,4.679999830000,,
0.000057200021,4.679999830000,,
0.000057400022,4.679999830000,,
0.000057600020,4.679999830000,,
0.000057800022,4.679999830000,,
0.000058000020,4.679999830000,,
0.000058200021,4.679999830000,,
0.000058400019,4.679999830000,,
0.000058600021,4.679999830000,,
0.000058800022,4.679999830000,,
0.000059000020,4.679999830000,,
0.000059200021,4.679999830000,,
0.000059400019,4.679999830000,,
0.000059600021,4.679999830000,,
0.000059800022,4.679999830000,,
0.000060000020,4.679999830000,,
0.000060200022,4.679999830000,,
0.000060400020,4.679999830000,,
0.000060600021,4.679999830000,,
0.000060800019,4.679999830000,,
0.000061000021,4.679999830000,,
0.000061200022,4.679999830000,,
0.000061400024,4.679999830000,,
0.000061600018,4.679999830000,,
0.000061800019,4.679999830000,,
0.000062000021,4.679999830000,,
0.000062200023,4.679999830000,,
0.000062400024,4.679999830000,,
0.000062600018,4.679999830000,,
0.000062800020,4.679999830000,,
0.000063000021,4.679999830000,,
0.000063200023,4.679999830000,,
0.000063400024,4.679999830000,,
0.000063600019,4.679999830000,,
0.000063800020,4.679999830000,,
0.000064000022,4.719999790000,,
0.000064200023,4.719999790000,,
0.000064400017,4.719999790000,,
0.000064600019,4.719999790000,,
0.000064800020,4.719999790000,,
0.000065000022,4.719999790000,,
0.000065200024,4.719999790000,,
0.000065400018,4.719999790000,,
0.000065600019,4.719999790000,,
0.000065800021,4.719999790000,,
0.000066000022,4.719999790000,,
0.000066200024,4.719999790000,,
0.000066400018,4.719999790000,,
0.000066600020,4.719999790000,,
0.000066800021,4.719999790000,,
0.000067000023,4.719999790000,,
0.000067200024,4.719999790000,,
0.000067400018,4.759999750000,,
0.000067600020,4.759999750000,,
0.000067800021,4.759999750000,,
0.000068000023,4.759999750000,,
0.000068200025,4.759999750000,,
0.000068400019,4.759999750000,,
0.000068600020,4.759999750000,,
0.000068800022,4.759999750000,,
0.000069000023,4.759999750000,,
0.000069200018,4.759999750000,,
0.000069400019,4.759999750000,,
0.000069600021,4.759999750000,,
0.000069800022,4.759999750000,,
0.000070000024,4.759999750000,,
0.000070200018,4.759999750000,,
0.000070400019,4.759999750000,,
0.000070600021,4.759999750000,,
0.000070800023,4.759999750000,,
0.000071000024,4.799999710000,,
0.000071200018,4.799999710000,,
0.000071400020,4.799999710000,,
0.000071600021,4.799999710000,,
0.000071800023,4.799999710000,,
0.000072000024,4.799999710000,,
0.000072200019,4.799999710000,,
0.000072400020,4.799999710000,,
0.000072600022,4.799999710000,,
0.000072800023,4.799999710000,,
0.000073000017,4.799999710000,,
0.000073200019,4.799999710000,,
0.000073400020,4.799999710000,,
0.000073600022,4.799999710000,,
0.000073800024,4.799999710000,,
0.000074000018,4.799999710000,,
0.000074200019,4.799999710000,,
0.000074400021,4.799999710000,,
0.000074600022,4.799999710000,,
0.000074800024,4.799999710000,,
0.000075000018,4.799999710000,,
0.000075200020,4.839999680000,,
0.000075400021,4.839999680000,,
0.000075600023,4.839999680000,,
0.000075800024,4.839999680000,,
0.000076000018,4.839999680000,,
0.000076200020,4.839999680000,,
0.000076400021,4.839999680000,,
0.000076600023,4.839999680000,,
0.000076800025,4.839999680000,,
0.000077000019,4.839999680000,,
0.000077200020,4.839999680000,,
0.000077400022,4.839999680000,,
0.000077600023,4.839999680000,,
0.000077800018,4.839999680000,,
0.000078000019,4.839999680000,,
0.000078200021,4.839999680000,,
0.000078400022,4.839999680000,,
0.000078600024,4.839999680000,,
0.000078800018,4.839999680000,,
0.000079000019,4.839999680000,,
0.000079200021,4.839999680000,,
0.000079400023,4.839999680000,,
0.000079600024,4.839999680000,,
0.000079800018,4.839999680000,,
0.000080000020,4.839999680000,,
0.000080200021,4.839999680000,,
0.000080400023,4.839999680000,,
0.000080600024,4.839999680000,,
0.000080800019,4.839999680000,,
0.000081000020,4.839999680000,,
0.000081200022,4.839999680000,,
0.000081400023,4.839999680000,,
0.000081600025,4.839999680000,,
0.000081800019,4.839999680000,,
0.000082000020,4.839999680000,,
0.000082200022,4.839999680000,,
0.000082400024,4.839999680000,,
0.000082600018,4.839999680000,,
0.000082800019,4.839999680000,,
0.000083000021,4.839999680000,,
0.000083200022,4.839999680000,,
0.000083400024,4.839999680000,,
0.000083600018,4.839999680000,,
0.000083800020,4.839999680000,,
0.000084000021,4.839999680000,,
0.000084200023,4.839999680000,,
0.000084400024,4.839999680000,,
0.000084600018,4.839999680000,,
0.000084800020,4.839999680000,,
0.000085000022,4.839999680000,,
0.000085200023,4.839999680000,,
0.000085400025,4.839999680000,,
0.000085600019,4.839999680000,,
0.000085800020,4.839999680000,,
0.000086000022,4.839999680000,,
0.000086200023,4.839999680000,,
0.000086400018,4.839999680000,,
0.000086600019,4.839999680000,,
0.000086800021,4.839999680000,,
0.000087000022,4.839999680000,,
0.000087200024,4.839999680000,,
0.000087400018,4.839999680000,,
0.000087600019,4.839999680000,,
0.000087800021,4.839999680000,,
0.000088000023,4.839999680000,,
0.000088200024,4.799999710000,,
0.000088400018,4.839999680000,,
0.000088600020,4.799999710000,,
0.000088800021,4.799999710000,,
0.000089000023,4.799999710000,,
0.000089200024,4.799999710000,,
0.000089400019,4.799999710000,,
0.000089600020,4.799999710000,,
0.000089800022,4.799999710000,,
0.000090000023,4.799999710000,,
0.000090200025,4.799999710000,,
0.000090400019,4.799999710000,,
0.000090600020,4.799999710000,,
0.000090800022,4.799999710000,,
0.000091000024,4.799999710000,,
0.000091200018,4.799999710000,,
0.000091400019,4.799999710000,,
0.000091600021,4.799999710000,,
0.000091800022,4.799999710000,,
0.000092000024,4.799999710000,,
0.000092200018,4.799999710000,,
0.000092400020,4.799999710000,,
0.000092600021,4.799999710000,,
0.000092800023,4.799999710000,,
0.000093000024,4.799999710000,,
0.000093200018,4.799999710000,,
0.000093400020,4.799999710000,,
0.000093600022,4.799999710000,,
0.000093800023,4.799999710000,,
0.000094000025,4.799999710000,,
0.000094200019,4.799999710000,,
0.000094400020,4.799999710000,,
0.000094600022,4.799999710000,,
0.000094800023,4.799999710000,,
0.000095000025,4.799999710000,,
0.000095200019,4.799999710000,,
0.000095400021,4.799999710000,,
0.000095600022,4.799999710000,,
0.000095800024,4.799999710000,,
0.000096000018,4.799999710000,,
0.000096200019,4.799999710000,,
0.000096400021,4.799999710000,,
0.000096600023,4.799999710000,,
0.000096800024,4.799999710000,,
0.000097000018,4.799999710000,,
0.000097200020,4.799999710000,,
0.000097400021,4.799999710000,,
0.000097600023,4.799999710000,,
0.000097800024,4.799999710000,,
0.000098000019,4.799999710000,,
0.000098200020,4.799999710000,,
0.000098400022,4.799999710000,,
0.000098600023,4.799999710000,,
0.000098800025,4.799999710000,,
0.000099000019,4.799999710000,,
0.000099200020,4.799999710000,,
0.000099400022,4.799999710000,,
0.000099600024,4.799999710000,,
0.000099800018,4.799999710000,,
0.000100000019,4.799999710000,,
0.000100200021,4.799999710000,,
0.000100400022,4.799999710000,,
0.000100600024,4.799999710000,,
0.000100800018,4.799999710000,,
0.000101000020,4.799999710000,,
0.000101200021,4.799999710000,,
0.000101400023,4.759999750000,,
0.000101600024,4.799999710000,,
0.000101800019,4.759999750000,,
0.000102000020,4.759999750000,,
0.000102200022,4.759999750000,,
0.000102400023,4.759999750000,,
0.000102600025,4.759999750000,,
0.000102800019,4.759999750000,,
0.000103000020,4.759999750000,,
0.000103200022,4.759999750000,,
0.000103400023,4.759999750000,,
0.000103600025,4.759999750000,,
0.000103800019,4.759999750000,,
0.000104000021,4.799999710000,,
0.000104200022,4.759999750000,,
0.000104400024,4.759999750000,,
0.000104600018,4.759999750000,,
0.000104800020,4.799999710000,,
0.000105000021,4.759999750000,,
0.000105200023,4.759999750000,,
0.000105400024,4.759999750000,,
0.000105600018,4.759999750000,,
0.000105800020,4.759999750000,,
0.000106000021,4.799999710000,,
0.000106200023,4.759999750000,,
0.000106400024,4.759999750000,,
0.000106600019,4.759999750000,,
0.000106800020,4.799999710000,,
0.000107000022,4.759999750000,,
0.000107200023,4.759999750000,,
0.000107400025,4.759999750000,,
0.000107600019,4.759999750000,,
0.000107800021,4.799999710000,,
0.000108000022,4.759999750000,,
0.000108200024,4.799999710000,,
0.000108400025,4.799999710000,,
0.000108600019,4.759999750000,,
0.000108800021,4.799999710000,,
0.000109000022,4.799999710000,,
0.000109200024,4.799999710000,,
0.000109400018,4.799999710000,,
0.000109600020,4.799999710000,,
0.000109800021,4.799999710000,,
0.000110000023,4.799999710000,,
0.000110200024,4.799999710000,,
0.000110400019,4.799999710000,,
0.000110600020,4.799999710000,,
0.000110800022,4.799999710000,,
0.000111000023,4.799999710000,,
0.000111200025,4.799999710000,,
0.000111400019,4.799999710000,,
0.000111600020,4.799999710000,,
0.000111800022,4.799999710000,,
0.000112000023,4.799999710000,,
0.000112200025,4.799999710000,,
0.000112400019,4.799999710000,,
0.000112600021,4.799999710000,,
0.000112800022,4.799999710000,,
0.000113000024,4.799999710000,,
0.000113200018,4.799999710000,,
0.000113400020,4.799999710000,,
0.000113600021,4.799999710000,,
0.000113800023,4.799999710000,,
0.000114000024,4.799999710000,,
0.000114200018,4.799999710000,,
0.000114400020,4.799999710000,,
0.000114600021,4.799999710000,,
0.000114800023,4.799999710000,,
0.000115000024,4.799999710000,,
0.000115200019,4.799999710000,,
0.000115400020,4.799999710000,,
0.000115600022,4.799999710000,,
0.000115800023,4.799999710000,,
0.000116000025,4.799999710000,,
0.000116200019,4.799999710000,,
0.000116400021,4.799999710000,,
0.000116600022,4.799999710000,,
0.000116800024,4.799999710000,,
0.000117000025,4.799999710000,,
0.000117200019,4.799999710000,,
0.000117400021,4.799999710000,,
0.000117600022,4.799999710000,,
0.000117800024,4.799999710000,,
0.000118000018,4.799999710000,,
0.000118200020,4.799999710000,,
0.000118400021,4.799999710000,,
0.000118600023,4.799999710000,,
0.000118800024,4.799999710000,,
0.000119000019,4.799999710000,,
0.000119200020,4.799999710000,,
0.000119400022,4.799999710000,,
0.000119600023,4.799999710000,,
0.000119800025,4.799999710000,,
0.000120000019,4.799999710000,,
0.000120200020,4.799999710000,,
0.000120400022,4.799999710000,,
0.000120600023,4.799999710000,,
0.000120800025,4.799999710000,,
0.000121000019,4.799999710000,,
0.000121200021,4.799999710000,,
0.000121400022,4.799999710000,,
0.000121600024,4.799999710000,,
0.000121800018,4.799999710000,,
0.000122000020,4.799999710000,,
0.000122200028,4.799999710000,,
0.000122400015,4.799999710000,,
0.000122600017,4.799999710000,,
0.000122800018,4.799999710000,,
0.000123000020,4.799999710000,,
0.000123200021,4.799999710000,,
0.000123400023,4.799999710000,,
0.000123600024,4.799999710000,,
0.000123800026,4.799999710000,,
0.000124000027,4.799999710000,,
0.000124200014,4.799999710000,,
0.000124400016,4.799999710000,,
0.000124600017,4.799999710000,,
0.000124800019,4.799999710000,,
0.000125000021,4.799999710000,,
0.000125200022,4.799999710000,,
0.000125400024,4.799999710000,,
0.000125600025,4.799999710000,,
0.000125800027,4.799999710000,,
0.000126000028,4.799999710000,,
0.000126200015,4.799999710000,,
0.000126400017,4.799999710000,,
0.000126600018,4.799999710000,,
0.000126800020,4.799999710000,,
0.000127000021,4.799999710000,,
0.000127200023,4.799999710000,,
0.000127400024,4.799999710000,,
0.000127600026,4.799999710000,,
0.000127800027,4.799999710000,,
0.000128000029,4.799999710000,,
0.000128200016,4.799999710000,,
0.000128400017,4.799999710000,,
0.000128600019,4.799999710000,,
0.000128800020,4.799999710000,,
0.000129000022,4.799999710000,,
0.000129200023,4.799999710000,,
0.000129400025,4.799999710000,,
0.000129600026,4.799999710000,,
0.000129800028,4.799999710000,,
0.000130000015,4.799999710000,,
0.000130200016,4.799999710000,,
0.000130400018,4.799999710000,,
0.000130600020,4.799999710000,,
0.000130800021,4.799999710000,,
0.000131000023,4.799999710000,,
0.000131200024,4.799999710000,,
0.000131400026,4.799999710000,,
0.000131600027,4.799999710000,,
0.000131800029,4.799999710000,,
0.000132000016,4.799999710000,,
0.000132200017,4.799999710000,,
0.000132400019,4.799999710000,,
0.000132600020,4.799999710000,,
0.000132800022,4.799999710000,,
0.000133000023,4.799999710000,,
0.000133200025,4.799999710000,,
0.000133400026,4.799999710000,,
0.000133600028,4.799999710000,,
0.000133800015,4.799999710000,,
0.000134000016,4.799999710000,,
0.000134200018,4.799999710000,,
0.000134400019,4.799999710000,,
0.000134600021,4.799999710000,,
0.000134800022,4.799999710000,,
0.000135000024,4.799999710000,,
0.000135200025,4.799999710000,,
0.000135400027,4.799999710000,,
0.000135600028,4.799999710000,,
0.000135800015,4.799999710000,,
0.000136000017,4.799999710000,,
0.000136200019,4.799999710000,,
0.000136400020,4.799999710000,,
0.000136600022,4.799999710000,,
0.000136800023,4.799999710000,,
0.000137000025,4.799999710000,,
0.000137200026,4.799999710000,,
0.000137400028,4.799999710000,,
0.000137600015,4.799999710000,,
0.000137800016,4.799999710000,,
0.000138000018,4.799999710000,,
0.000138200019,4.799999710000,,
0.000138400021,4.799999710000,,
0.000138600022,4.799999710000,,
0.000138800024,4.799999710000,,
0.000139000025,4.799999710000,,
0.000139200027,4.799999710000,,
0.000139400028,4.799999710000,,
0.000139600015,4.799999710000,,
0.000139800017,4.799999710000,,
0.000140000018,4.799999710000,,
0.000140200020,4.799999710000,,
0.000140400021,4.799999710000,,
0.000140600023,4.799999710000,,
0.000140800024,4.799999710000,,
0.000141000026,4.799999710000,,
0.000141200027,4.799999710000,,
0.000141400029,4.799999710000,,
0.000141600016,4.799999710000,,
0.000141800017,4.799999710000,,
0.000142000019,4.799999710000,,
0.000142200021,4.799999710000,,
0.000142400022,4.799999710000,,
0.000142600024,4.799999710000,,
0.000142800025,4.799999710000,,
0.000143000027,4.799999710000,,
0.000143200028,4.799999710000,,
0.000143400015,4.799999710000,,
0.000143600017,4.799999710000,,
0.000143800018,4.799999710000,,
0.000144000020,4.799999710000,,
0.000144200021,4.799999710000,,
0.000144400023,4.799999710000,,
0.000144600024,4.799999710000,,
0.000144800026,4.799999710000,,
0.000145000027,4.799999710000,,
0.000145200029,4.799999710000,,
0.000145400016,4.799999710000,,
0.000145600017,4.799999710000,,
0.000145800019,4.799999710000,,
0.000146000020,4.799999710000,,
0.000146200022,4.799999710000,,
0.000146400023,4.799999710000,,
0.000146600025,4.799999710000,,
0.000146800026,4.799999710000,,
0.000147000028,4.799999710000,,
0.000147200015,4.799999710000,,
0.000147400016,4.799999710000,,
0.000147600018,4.799999710000,,
0.000147800020,4.799999710000,,
0.000148000021,4.799999710000,,
0.000148200023,4.799999710000,,
0.000148400024,4.799999710000,,
0.000148600026,4.799999710000,,
0.000148800027,4.799999710000,,
0.000149000029,4.799999710000,,
0.000149200016,4.799999710000,,
0.000149400017,4.799999710000,,
0.000149600019,4.799999710000,,
0.000149800020,4.799999710000,,
0.000150000022,4.799999710000,,
0.000150200023,4.799999710000,,
0.000150400025,4.799999710000,,
0.000150600026,4.799999710000,,
0.000150800028,4.799999710000,,
0.000151000015,4.799999710000,,
0.000151200016,4.799999710000,,
0.000151400018,4.799999710000,,
0.000151600019,4.799999710000,,
0.000151800021,4.799999710000,,
0.000152000022,4.799999710000,,
0.000152200024,4.799999710000,,
0.000152400025,4.799999710000,,
0.000152600027,4.799999710000,,
0.000152800028,4.799999710000,,
0.000153000015,4.799999710000,,
0.000153200017,4.799999710000,,
0.000153400018,4.799999710000,,
0.000153600020,4.799999710000,,
0.000153800022,4.799999710000,,
0.000154000023,4.799999710000,,
0.000154200025,4.799999710000,,
0.000154400026,4.799999710000,,
0.000154600028,4.799999710000,,
0.000154800029,4.799999710000,,
0.000155000016,4.799999710000,,
0.000155200018,4.799999710000,,
0.000155400019,4.799999710000,,
0.000155600021,4.799999710000,,
0.000155800022,4.799999710000,,
0.000156000024,4.799999710000,,
0.000156200025,4.799999710000,,
0.000156400027,4.799999710000,,
0.000156600028,4.799999710000,,
0.000156800015,4.799999710000,,
0.000157000017,4.799999710000,,
0.000157200018,4.799999710000,,
0.000157400020,4.799999710000,,
0.000157600021,4.799999710000,,
0.000157800023,4.799999710000,,
0.000158000024,4.799999710000,,
0.000158200026,4.799999710000,,
0.000158400027,4.799999710000,,
0.000158600029,4.799999710000,,
0.000158800016,4.799999710000,,
0.000159000017,4.799999710000,,
0.000159200019,4.799999710000,,
0.000159400020,4.799999710000,,
0.000159600022,4.799999710000,,
0.000159800024,4.799999710000,,
0.000160000025,4.799999710000,,
0.000160200027,4.799999710000,,
0.000160400028,4.799999710000,,
0.000160600015,4.799999710000,,
0.000160800017,4.799999710000,,
0.000161000018,4.799999710000,,
0.000161200020,4.799999710000,,
0.000161400021,4.799999710000,,
0.000161600023,4.799999710000,,
0.000161800024,4.799999710000,,
0.000162000026,4.799999710000,,
0.000162200027,4.799999710000,,
0.000162400029,4.799999710000,,
0.000162600016,4.799999710000,,
0.000162800017,4.799999710000,,
0.000163000019,4.799999710000,,
0.000163200020,4.799999710000,,
0.000163400022,4.799999710000,,
0.000163600023,4.799999710000,,
0.000163800025,4.799999710000,,
0.000164000026,4.799999710000,,
0.000164200028,4.799999710000,,
0.000164400015,4.799999710000,,
0.000164600016,4.799999710000,,
0.000164800018,4.799999710000,,
0.000165000019,4.799999710000,,
0.000165200021,4.799999710000,,
0.000165400023,4.799999710000,,
0.000165600024,4.799999710000,,
0.000165800026,4.799999710000,,
0.000166000027,4.799999710000,,
0.000166200029,4.799999710000,,
0.000166400016,4.799999710000,,
0.000166600017,4.799999710000,,
0.000166800019,4.799999710000,,
0.000167000020,4.799999710000,,
0.000167200022,4.799999710000,,
0.000167400023,4.799999710000,,
0.000167600025,4.799999710000,,
0.000167800026,4.799999710000,,
0.000168000028,4.799999710000,,
0.000168200029,4.799999710000,,
0.000168400016,4.799999710000,,
0.000168600018,4.799999710000,,
0.000168800019,4.799999710000,,
0.000169000021,4.799999710000,,
0.000169200022,4.799999710000,,
0.000169400024,4.799999710000,,
0.000169600025,4.799999710000,,
0.000169800027,4.799999710000,,
0.000170000028,4.799999710000,,
0.000170200015,4.799999710000,,
0.000170400017,4.799999710000,,
0.000170600018,4.799999710000,,
0.000170800020,4.799999710000,,
0.000171000022,4.799999710000,,
0.000171200023,4.799999710000,,
0.000171400025,4.799999710000,,
0.000171600026,4.799999710000,,
0.000171800028,4.799999710000,,
0.000172000029,4.799999710000,,
0.000172200016,4.799999710000,,
0.000172400018,4.799999710000,,
0.000172600019,4.799999710000,,
0.000172800021,4.799999710000,,
0.000173000022,4.799999710000,,
0.000173200024,4.799999710000,,
0.000173400025,4.799999710000,,
0.000173600027,4.799999710000,,
0.000173800028,4.799999710000,,
0.000174000015,4.799999710000,,
0.000174200017,4.799999710000,,
0.000174400018,4.799999710000,,
0.000174600020,4.799999710000,,
0.000174800021,4.799999710000,,
0.000175000023,4.799999710000,,
0.000175200024,4.799999710000,,
0.000175400026,4.799999710000,,
0.000175600027,4.799999710000,,
0.000175800029,4.799999710000,,
0.000176000016,4.799999710000,,
0.000176200017,4.799999710000,,
0.000176400019,4.799999710000,,
0.000176600021,4.799999710000,,
0.000176800022,4.799999710000,,
0.000177000024,4.799999710000,,
0.000177200025,4.799999710000,,
0.000177400027,4.799999710000,,
0.000177600028,4.799999710000,,
0.000177800015,4.799999710000,,
0.000178000017,4.799999710000,,
0.000178200018,4.799999710000,,
0.000178400020,4.799999710000,,
0.000178600021,4.799999710000,,
0.000178800023,4.799999710000,,
0.000179000024,4.799999710000,,
0.000179200026,4.799999710000,,
0.000179400027,4.799999710000,,
0.000179600029,4.799999710000,,
0.000179800016,4.799999710000,,
0.000180000017,4.799999710000,,
0.000180200019,4.799999710000,,
0.000180400020,4.799999710000,,
0.000180600022,4.799999710000,,
0.000180800023,4.799999710000,,
0.000181000025,4.799999710000,,
0.000181200026,4.799999710000,,
0.000181400028,4.799999710000,,
0.000181600029,4.799999710000,,
0.000181800016,4.799999710000,,
0.000182000018,4.799999710000,,
0.000182200019,4.799999710000,,
0.000182400021,4.799999710000,,
0.000182600023,4.799999710000,,
0.000182800024,4.799999710000,,
0.000183000026,4.799999710000,,
0.000183200027,4.799999710000,,
0.000183400029,4.799999710000,,
0.000183600016,4.799999710000,,
0.000183800017,4.799999710000,,
0.000184000019,4.799999710000,,
0.000184200020,4.799999710000,,
0.000184400022,4.799999710000,,
0.000184600023,4.799999710000,,
0.000184800025,4.799999710000,,
0.000185000026,4.799999710000,,
0.000185200028,4.799999710000,,
0.000185400029,4.799999710000,,
0.000185600016,4.799999710000,,
0.000185800018,4.799999710000,,
0.000186000019,4.799999710000,,
0.000186200021,4.799999710000,,
0.000186400022,4.799999710000,,
0.000186600024,4.799999710000,,
0.000186800025,4.799999710000,,
0.000187000027,4.799999710000,,
0.000187200028,4.799999710000,,
0.000187400015,4.799999710000,,
0.000187600017,4.799999710000,,
0.000187800018,4.799999710000,,
0.000188000020,4.799999710000,,
0.000188200022,4.799999710000,,
0.000188400023,4.799999710000,,
0.000188600025,4.799999710000,,
0.000188800026,4.799999710000,,
0.000189000028,4.799999710000,,
0.000189200029,4.799999710000,,
0.000189400016,4.799999710000,,
0.000189600018,4.799999710000,,
0.000189800019,4.799999710000,,
0.000190000021,4.799999710000,,
0.000190200022,4.799999710000,,
0.000190400024,4.799999710000,,
0.000190600025,4.799999710000,,
0.000190800027,4.799999710000,,
0.000191000028,4.799999710000,,
0.000191200015,4.799999710000,,
0.000191400017,4.799999710000,,
0.000191600018,4.799999710000,,
0.000191800020,4.799999710000,,
0.000192000021,4.799999710000,,
0.000192200023,4.799999710000,,
0.000192400024,4.799999710000,,
0.000192600026,4.799999710000,,
0.000192800027,4.799999710000,,
0.000193000029,4.799999710000,,
0.000193200016,4.799999710000,,
0.000193400017,4.799999710000,,
0.000193600019,4.799999710000,,
0.000193800021,4.799999710000,,
0.000194000022,4.799999710000,,
0.000194200024,4.799999710000,,
0.000194400025,4.799999710000,,
0.000194600027,4.799999710000,,
0.000194800028,4.799999710000,,
0.000195000030,4.799999710000,,
0.000195200017,4.799999710000,,
0.000195400018,4.799999710000,,
0.000195600020,4.799999710000,,
0.000195800021,4.799999710000,,
0.000196000023,4.799999710000,,
0.000196200024,4.799999710000,,
0.000196400026,4.799999710000,,
0.000196600027,4.799999710000,,
0.000196800029,4.799999710000,,
0.000197000016,4.799999710000,,
0.000197200017,4.799999710000,,
0.000197400019,4.799999710000,,
0.000197600020,4.799999710000,,
0.000197800022,4.799999710000,,
0.000198000023,4.799999710000,,
0.000198200025,4.799999710000,,
0.000198400026,4.799999710000,,
0.000198600028,4.799999710000,,
0.000198800029,4.799999710000,,
0.000199000016,4.799999710000,,
0.000199200018,4.799999710000,,
0.000199400019,4.799999710000,,
0.000199600021,4.799999710000,,
0.000199800023,4.799999710000,,
0.000200000024,4.799999710000,,
0.000200200026,4.799999710000,,
0.000200400027,4.799999710000,,
0.000200600029,4.799999710000,,
0.000200800016,4.799999710000,,
0.000201000017,4.799999710000,,
0.000201200019,4.799999710000,,
0.000201400020,4.799999710000,,
0.000201600022,4.799999710000,,
0.000201800023,4.799999710000,,
0.000202000025,4.799999710000,,
0.000202200026,4.799999710000,,
0.000202400028,4.799999710000,,
0.000202600029,4.799999710000,,
0.000202800016,4.799999710000,,
0.000203000018,4.799999710000,,
0.000203200019,4.799999710000,,
0.000203400021,4.799999710000,,
0.000203600022,4.799999710000,,
0.000203800024,4.799999710000,,
0.000204000025,4.799999710000,,
0.000204200027,4.799999710000,,
0.000204400028,4.799999710000,,
0.000204600015,4.799999710000,,
0.000204800017,4.799999710000,,
0.000205000018,4.799999710000,,
0.000205200020,4.799999710000,,
0.000205400022,4.799999710000,,
0.000205600023,4.799999710000,,
0.000205800025,4.799999710000,,
0.000206000026,4.799999710000,,
0.000206200028,4.799999710000,,
0.000206400029,4.799999710000,,
0.000206600016,4.799999710000,,
0.000206800018,4.799999710000,,
0.000207000019,4.799999710000,,
0.000207200021,4.799999710000,,
0.000207400022,4.799999710000,,
0.000207600024,4.799999710000,,
0.000207800025,4.799999710000,,
0.000208000027,4.799999710000,,
0.000208200028,4.799999710000,,
0.000208400030,4.799999710000,,
0.000208600017,4.799999710000,,
0.000208800018,4.799999710000,,
0.000209000020,4.799999710000,,
0.000209200021,4.799999710000,,
0.000209400023,4.799999710000,,
0.000209600024,4.799999710000,,
0.000209800026,4.799999710000,,
0.000210000027,4.799999710000,,
0.000210200029,4.799999710000,,
0.000210400016,4.799999710000,,
0.000210600017,4.799999710000,,
0.000210800019,4.799999710000,,
0.000211000021,4.799999710000,,
0.000211200022,4.799999710000,,
0.000211400024,4.799999710000,,
0.000211600025,4.799999710000,,
0.000211800027,4.799999710000,,
0.000212000028,4.799999710000,,
0.000212200030,4.799999710000,,
0.000212400017,4.799999710000,,
0.000212600018,4.799999710000,,
0.000212800020,4.799999710000,,
0.000213000021,4.799999710000,,
0.000213200023,4.799999710000,,
0.000213400024,4.799999710000,,
0.000213600026,4.799999710000,,
0.000213800027,4.799999710000,,
0.000214000029,4.799999710000,,
0.000214200016,4.799999710000,,
0.000214400017,4.799999710000,,
0.000214600019,4.799999710000,,
0.000214800020,4.799999710000,,
0.000215000022,4.799999710000,,
0.000215200023,4.799999710000,,
0.000215400025,4.799999710000,,
0.000215600026,4.799999710000,,
0.000215800028,4.799999710000,,
0.000216000029,4.799999710000,,
0.000216200016,4.799999710000,,
0.000216400018,4.799999710000,,
0.000216600019,4.799999710000,,
0.000216800021,4.799999710000,,
0.000217000023,4.799999710000,,
0.000217200024,4.799999710000,,
0.000217400026,4.799999710000,,
0.000217600027,4.799999710000,,
0.000217800029,4.799999710000,,
0.000218000016,4.799999710000,,
0.000218200017,4.799999710000,,
0.000218400019,4.799999710000,,
0.000218600020,4.799999710000,,
0.000218800022,4.799999710000,,
0.000219000023,4.799999710000,,
0.000219200025,4.799999710000,,
0.000219400026,4.799999710000,,
0.000219600028,4.799999710000,,
0.000219800029,4.799999710000,,
0.000220000016,4.799999710000,,
0.000220200018,4.799999710000,,
0.000220400019,4.799999710000,,
0.000220600021,4.799999710000,,
0.000220800022,4.799999710000,,
0.000221000024,4.799999710000,,
0.000221200025,4.799999710000,,
0.000221400027,4.799999710000,,
0.000221600028,4.799999710000,,
0.000221800030,4.799999710000,,
0.000222000017,4.799999710000,,
0.000222200018,4.799999710000,,
0.000222400020,4.799999710000,,
0.000222600022,4.799999710000,,
0.000222800023,4.799999710000,,
0.000223000025,4.799999710000,,
0.000223200026,4.799999710000,,
0.000223400028,4.799999710000,,
0.000223600029,4.799999710000,,
0.000223800016,4.799999710000,,
0.000224000018,4.799999710000,,
0.000224200019,4.799999710000,,
0.000224400021,4.799999710000,,
0.000224600022,4.799999710000,,
0.000224800024,4.799999710000,,
0.000225000025,4.799999710000,,
0.000225200027,4.799999710000,,
0.000225400028,4.799999710000,,
0.000225600030,4.799999710000,,
0.000225800017,4.799999710000,,
0.000226000018,4.799999710000,,
0.000226200020,4.799999710000,,
0.000226400021,4.799999710000,,
0.000226600023,4.799999710000,,
0.000226800024,4.799999710000,,
0.000227000026,4.799999710000,,
0.000227200027,4.799999710000,,
0.000227400029,4.799999710000,,
0.000227600016,4.799999710000,,
0.000227800017,4.799999710000,,
0.000228000019,4.799999710000,,
0.000228200021,4.799999710000,,
0.000228400022,4.799999710000,,
0.000228600024,4.799999710000,,
0.000228800025,4.799999710000,,
0.000229000027,4.799999710000,,
0.000229200028,4.799999710000,,
0.000229400030,4.799999710000,,
0.000229600017,4.799999710000,,
0.000229800018,4.799999710000,,
0.000230000020,4.799999710000,,
0.000230200021,4.799999710000,,
0.000230400023,4.799999710000,,
0.000230600024,4.799999710000,,
0.000230800026,4.799999710000,,
0.000231000027,4.799999710000,,
0.000231200029,4.799999710000,,
0.000231400016,4.799999710000,,
0.000231600017,4.799999710000,,
0.000231800019,4.799999710000,,
0.000232000020,4.799999710000,,
0.000232200022,4.799999710000,,
0.000232400023,4.799999710000,,
0.000232600025,4.799999710000,,
0.000232800026,4.799999710000,,
0.000233000028,4.799999710000,,
0.000233200029,4.799999710000,,
0.000233400016,4.799999710000,,
0.000233600018,4.799999710000,,
0.000233800019,4.799999710000,,
0.000234000021,4.799999710000,,
0.000234200023,4.799999710000,,
0.000234400024,4.799999710000,,
0.000234600026,4.799999710000,,
0.000234800027,4.799999710000,,
0.000235000029,4.799999710000,,
0.000235200030,4.799999710000,,
0.000235400017,4.799999710000,,
0.000235600019,4.799999710000,,
0.000235800020,4.799999710000,,
0.000236000022,4.799999710000,,
0.000236200023,4.799999710000,,
0.000236400025,4.799999710000,,
0.000236600026,4.799999710000,,
0.000236800028,4.799999710000,,
0.000237000029,4.799999710000,,
0.000237200016,4.799999710000,,
0.000237400018,4.799999710000,,
0.000237600019,4.799999710000,,
0.000237800021,4.799999710000,,
0.000238000022,4.799999710000,,
0.000238200024,4.799999710000,,
0.000238400025,4.799999710000,,
0.000238600027,4.799999710000,,
0.000238800028,4.799999710000,,
0.000239000030,4.799999710000,,
0.000239200017,4.799999710000,,
0.000239400018,4.799999710000,,
0.000239600020,4.799999710000,,
0.000239800022,4.799999710000,,
0.000240000023,4.799999710000,,
0.000240200025,4.799999710000,,
0.000240400026,4.799999710000,,
0.000240600028,4.799999710000,,
0.000240800029,4.799999710000,,
0.000241000016,4.799999710000,,
0.000241200018,4.799999710000,,
0.000241400019,4.799999710000,,
0.000241600021,4.799999710000,,
0.000241800022,4.799999710000,,
0.000242000024,4.799999710000,,
0.000242200025,4.799999710000,,
0.000242400027,4.799999710000,,
0.000242600028,4.799999710000,,
0.000242800030,4.799999710000,,
0.000243000017,4.799999710000,,
0.000243200018,4.799999710000,,
0.000243400020,4.799999710000,,
0.000243600021,4.799999710000,,
0.000243800023,4.799999710000,,
0.000244000024,4.799999710000,,
0.000244200026,4.799999710000,,
0.000244400027,4.799999710000,,
0.000244600029,4.799999710000,,
0.000244800030,4.799999710000,,
0.000245000032,4.799999710000,,
0.000245200034,4.799999710000,,
0.000245400035,4.799999710000,,
0.000245600037,4.799999710000,,
0.000245800009,4.799999710000,,
0.000246000011,4.799999710000,,
0.000246200012,4.799999710000,,
0.000246400014,4.799999710000,,
0.000246600015,4.799999710000,,
0.000246800017,4.799999710000,,
0.000247000018,4.799999710000,,
0.000247200020,4.799999710000,,
0.000247400021,4.799999710000,,
0.000247600023,4.799999710000,,
0.000247800024,4.799999710000,,
0.000248000026,4.799999710000,,
0.000248200027,4.799999710000,,
0.000248400029,4.799999710000,,
0.000248600030,4.799999710000,,
0.000248800032,4.799999710000,,
0.000249000033,4.799999710000,,
0.000249200035,4.799999710000,,
0.000249400036,4.799999710000,,
0.000249600009,4.799999710000,,
0.000249800010,4.799999710000,,
